filename,sha256,width,height,format,query,title,source,image_url,page_url
weed_pen_00004.jpg,04b117899178daf54c540b68c3372f6bf7e7dbea8bf9e0648fe0abe07ad780b8,1200,800,jpeg,weed pen,Best Vape Pens for Live Rosin: Top Picks and Expert Guide,d8superstore.com,https://d8superstore.com/wp-content/uploads/2023/09/Vape-Pens-for-Live-Rosin.jpg,https://d8superstore.com/best-vape-pens-for-live-rosin
weed_pen_00005.jpg,9306b09f3a2b9798cec2a1430f8e02f0032bc7840049f4d79711ffe601aabd69,1921,1201,jpeg,weed pen,10 Brands Making Awesome Disposable Cannabis Vape Pens | Leafly,Leafly,https://d3atagt0rnqk7k.cloudfront.net/wp-content/uploads/2017/09/19133321/best-disposable-vape-pen.jpg,https://www.leafly.com/news/strains-products/best-disposable-marijuana-vaporizer-pens
weed_pen_00006.jpg,0a2a060febf6e2335dfcb03571b8aee33c8ee63564f527efa5936e80e2006eaa,1024,1024,jpeg,weed pen,Buy THC Vape Pens & Weed Pens Canada | Online Dispensary Canada | Eden ...,edengoods.net,https://edengoods.net/wp-content/uploads/2024/02/cbd-vape-pen-with-battery-1024x1024.jpg,https://edengoods.net/shop/vape-pens/
weed_pen_00007.jpg,80ccb3c8826830122136f1cb3aa6bfa63d257b54d9f803c864fc246ca5a4ccc6,1024,1024,jpeg,weed pen,10 Brands Making Awesome Disposable Cannabis Vape Pens | Leafly,Leafly,https://leafly-cms-production.imgix.net/wp-content/uploads/2017/09/19132047/eureka-disposable-vape-pen-1024x1024.jpg?auto=compress,https://www.leafly.com/news/strains-products/best-disposable-marijuana-vaporizer-pens
weed_pen_00008.webp,8d1f465839872feb8de5837d5e59df861197ea544078997c29f74d9cb9533197,1024,788,webp,weed pen,Can I Bring a Weed Pen on a Plane? – HUMANSUCKS,humansucks.com,https://cdn.shopify.com/s/files/1/0421/8372/1119/files/What-Is-a-Weed-Pen_1024x1024.jpg?v=1735894016,https://humansucks.com/blogs/news/can-i-bring-a-weed-pen-on-a-plane
weed_pen_00009.jpg,4cab4b9a12397457ebe09814ca4b1dd1c456fe1f9468b52cb6c1dbda43793822,2560,1708,jpeg,weed pen,How Long Does It Take To Charge A Weed Pen | Detroit Chinatown,detroitchinatown.org,https://cannabismo.org/wp-content/uploads/2022/10/marijuana-vape-pen-opener-3da560d1-d24f-4ec9-948b-c007503d46c4-scaled.jpg,https://detroitchinatown.org/how-long-does-it-take-to-charge-a-weed-pen/
weed_pen_00010.jpg,685171b2dbef1068e6d0e838ef9156aa1a30d173a256f1710f9fde159ac0e00b,2560,1707,jpeg,weed pen,Where to Buy THC-O Disposable Vape Pens Near Me – CBD Supply Maryland,cbdsupplymaryland.com,https://www.cbdsupplymaryland.com/wp-content/uploads/2022/09/Where-To-Buy-THC-O-Disposable-Vape-Pens-Near-Me-scaled.jpg,https://cbdsupplymaryland.com/2022/09/where-to-buy-thc-o-disposable-vape-pens-near-me/
weed_pen_00011.webp,53861083056e9a116b725999301f5d518c4b79eff114f1a19a5436e82e7ce69e,1024,1024,webp,weed pen,Weed Vape Pen Collection at HoneyStick,vapehoneystick.com,http://www.vapehoneystick.com/cdn/shop/files/honeystick-nano-dab-pen-6-colors_1024x1024.jpg?v=1684343925,https://www.vapehoneystick.com/pages/weed-vape-pen
weed_pen_00012.jpg,1ad5c753a4ca3ac4c3c6375555c6d63fa344b3b42ebde04cba71ae541dcee5a4,1666,3898,jpeg,weed pen,Disposable weed vape cartridges. A revelation!,Mixed Martial Arts,https://mma-user-upload.mixedmartialarts.com/2019-04/cropped7366271664138325174.jpg,https://www.mixedmartialarts.com/forums/OtherGround/Disposable-weed-vape-cartridges--A-revelation:2769533
weed_pen_00013.webp,429d718d15be9fd4f15f9eb007bd4243e69591d2a9db28c59b361a2a34998258,2400,1600,webp,weed pen,"Weed Pens: THC Vape Pen Distillate Vs Live Resin Oil, CBD - Rolling Stone",www.rollingstone.com > Mary Jane Gibson,https://www.rollingstone.com/wp-content/uploads/2019/08/vape-pens-marijuana.jpg,https://www.rollingstone.com/culture/culture-news/best-weed-vape-pen-reviews-870512/
weed_pen_00014.jpg,2c07fb346b3c4089d6f37c9d143aec3787cf0854f34e7f0f55c62ab775d2c172,1200,750,jpeg,weed pen,Marijuana Beginning: Getting Cannabis Brought to Your Home | Honex,honex.rs,https://litvapepens.co/wp-content/uploads/2021/06/unclog-vape-pen2-scaled.jpg,https://honex.rs/marijuana-beginning-getting-cannabis-brought-to-your-home/
weed_pen_00015.jpg,c49a39567346f0753438c8f04d1eed3f8f5d2766daf3c912953e9d25e38cb5d6,2000,1327,jpeg,weed pen,THC Vape Pens: High Quality Cannabis Distillate | Pyramid Pens,pyramidpens.com,https://pyramidpens.com/wp-content/uploads/2021/07/8_pax-scaled-e1626188808892.jpg,https://pyramidpens.com/?mpfy-pin=4825
weed_pen_00016.jpg,92afcc2d8cc153ebbb0b06f41d5a18f863b8a3ab250e5748705e4da3f8b13ad6,1024,1024,avif,weed pen,10 Brands Making Awesome Disposable Cannabis Vape Pens | Leafly,Leafly,https://leafly-cms-production.imgix.net/wp-content/uploads/2017/09/19132035/rel-vape-disposable-pen-1024x1024.jpg?auto=format,https://www.leafly.com/news/strains-products/best-disposable-marijuana-vaporizer-pens
weed_pen_00017.png,455e0cece2000da77edc25dec3813c334d9bd9df2ef32fc6703adc2d091a7f49,1000,1000,png,weed pen,Shop THC Vape Pens & Cartridges in New Mexico - R.Greenleaf,rgreenleaf.com,https://product-assets.iheartjane.com/photos/a5/8e/a58e47b8-ec2e-44c4-b167-2cc18210ec07.png,https://rgreenleaf.com/vape
weed_pen_00018.webp,0797b85afb08eda2660f415092f1242dedcc26185724facae4429ce69819490a,2560,1196,webp,weed pen,"Flavored marijuana vapes becoming new face of teen drug use, sparking ...",isr.umich.edu,https://api.isr.umich.edu/wp-content/uploads/2025/09/01.Marijuana-Vape-Pens.By-Jeremy-Marble-scaled.jpg,https://isr.umich.edu/news-events/news-releases/flavored-marijuana-vapes-becoming-new-face-of-teen-drug-use-sparking-addiction-fears/
weed_pen_00019.jpg,e976bb5b03326a4e6a490895d42a205b235fbaf124b099d1f0033021c3d33c4e,1200,800,jpeg,weed pen,Weed Pen Names - (Vape Pen Terminology & Slang),vapessuperstore.com,https://vapessuperstore.com/wp-content/uploads/2023/07/New-Vape-Pen-With-New-Cartridge.jpg,https://vapessuperstore.com/weed-pen-names
weed_pen_00020.jpg,87424e57aaae14c2675e7c3b3c70c84c428cb8705541879e100b7bc64ddf5d71,1200,500,jpeg,weed pen,"The Best Vape Pens for Beginners - Medical Marijuana, Inc.",medicalmarijuanainc.com,https://medicalmarijuanainc.com/wp-content/uploads/2019/02/MJNA_CannabisOilHeader_1200x500_1-1.jpg,https://medicalmarijuanainc.com/2019/10/18/best-vape-pens-beginners/
weed_pen_00021.jpg,072bda158b625e562811472475a73191cb57b2733d8e535bb7630b3ea38df8ec,2048,1365,jpeg,weed pen,Disposable Dab Pen Guide: Weed Vaping 101 | Greendorphin.com,greendorphin.com,https://greendorphin.s3.amazonaws.com/wp-content/uploads/2018/09/26111851/40704736791_9768db5153_k.jpg,https://greendorphin.com/disposable-dab-pen-guide-weed-vaping-101/
weed_pen_00022.jpg,0f3e9429fdc1f11c7bfa34f9287de82772a41839226d72ece2bf5653301ce2ff,980,735,jpeg,weed pen,How to Use a Cannabis Vape Pen - A High Class Joint,ahighclassjoint.ca,https://ahighclassjoint.ca/wp-content/uploads/2024/02/cannabis-vape-pen.jpg,https://ahighclassjoint.ca/how-to-use-a-cannabis-vape-pen/
weed_pen_00023.jpg,2e7a583b85c5c22d2d4d07e6f1fe4d4c69add85d8027d19924405d9aed6107ed,1200,900,jpeg,weed pen,What is Hash (Hashish) & How to Smoke Hash | LivWell,livwell.com,https://livlwell-production-ror.s3-us-west-2.amazonaws.com/mediaitems/Blog/LWBlog-THC_Cartridge-ThreeVapes-1200x900.jpg,https://livwell.com/blog/hash
weed_pen_00024.webp,557d9e7451d0144ecb3213ecd972de7b44288533af3e23f07446234e8ae76870,960,548,webp,weed pen,Environmental Impact: Weed Pen Usage Sustainable Practices,intelligentliving.co,https://www.intelligentliving.co/wp-content/uploads/2024/04/weed-pens-with-reusable-components-960x548.jpg,https://www.intelligentliving.co/weed-pen-sustainable-practices/
weed_pen_00025.jpg,e8b692b8128c36706d9d95d6c13eb10e787e3932af342c92b0b2a31503e62831,1200,700,jpeg,weed pen,"Flavored Marijuana Vapes Becoming New Face of Teen Drug Use, Sparking ...",alumni.umich.edu,https://alumni.umich.edu/wp-content/uploads/01.Marijuana-Vape-Pens.jpg,https://alumni.umich.edu/lifelong-learning/gateway/flavored-marijuana-vapes-becoming-new-face-of-teen-drug-use-sparking-addiction-fears/
